{
  "version": 1,
  "author": "raraazr",
  "editor": "wokwi",
  "parts": [
    { "type": "wokwi-arduino-uno", "id": "uno", "top": 154.2, "left": 37.8, "attrs": {} },
    {
      "type": "wokwi-resistor",
      "id": "r1",
      "top": 43.2,
      "left": 229.85,
      "rotate": 90,
      "attrs": { "value": "1000" }
    },
    {
      "type": "wokwi-resistor",
      "id": "r2",
      "top": 43.2,
      "left": 153.05,
      "rotate": 90,
      "attrs": { "value": "1000" }
    },
    {
      "type": "wokwi-resistor",
      "id": "r3",
      "top": 43.2,
      "left": 66.65,
      "rotate": 90,
      "attrs": { "value": "1000" }
    },
    { "type": "wokwi-led", "id": "led1", "top": -42, "left": 71, "attrs": { "color": "red" } },
    {
      "type": "wokwi-led",
      "id": "led2",
      "top": -42,
      "left": 157.4,
      "attrs": { "color": "yellow" }
    },
    {
      "type": "wokwi-led",
      "id": "led3",
      "top": -42,
      "left": 234.2,
      "attrs": { "color": "green" }
    },
    {
      "type": "wokwi-pushbutton",
      "id": "btn1",
      "top": 111.8,
      "left": 355.2,
      "attrs": { "color": "green" }
    },
    {
      "type": "wokwi-pushbutton",
      "id": "btn2",
      "top": 207.8,
      "left": 403.2,
      "attrs": { "color": "green" }
    },
    {
      "type": "wokwi-pushbutton",
      "id": "btn3",
      "top": 323,
      "left": 441.6,
      "attrs": { "color": "green" }
    }
  ],
  "connections": [
    [ "led3:A", "r1:1", "green", [ "v0" ] ],
    [ "led2:A", "r2:1", "green", [ "v0" ] ],
    [ "led1:A", "r3:1", "green", [ "v0" ] ],
    [ "r3:2", "uno:13", "red", [ "h0" ] ],
    [ "r2:2", "uno:12", "yellow", [ "h0" ] ],
    [ "r1:2", "uno:11", "limegreen", [ "h-48", "v66", "h-28.8" ] ],
    [ "led1:C", "uno:GND.1", "green", [ "v96", "h58" ] ],
    [ "led2:C", "uno:GND.1", "green", [ "v57.6", "h-47.6" ] ],
    [ "led3:C", "uno:GND.1", "green", [ "v67.2", "h-47.6" ] ],
    [ "btn1:1.l", "uno:8", "green", [ "h0" ] ],
    [ "btn2:1.l", "uno:9", "green", [ "h0" ] ],
    [ "btn3:1.l", "uno:10", "green", [ "h0" ] ],
    [ "btn1:2.l", "uno:5V", "violet", [ "h0" ] ],
    [ "btn2:2.l", "uno:5V", "violet", [ "h0" ] ],
    [ "btn3:2.l", "uno:5V", "violet", [ "h0" ] ]
  ],
  "dependencies": {}
}