{
  "version": 1,
  "author": "raraazr",
  "editor": "wokwi",
  "parts": [
    { "type": "wokwi-arduino-uno", "id": "uno", "top": 77.4, "left": -0.6, "attrs": {} },
    {
      "type": "wokwi-led",
      "id": "led1",
      "top": -214.8,
      "left": -44.2,
      "attrs": { "color": "yellow" }
    },
    {
      "type": "wokwi-led",
      "id": "led2",
      "top": -214.8,
      "left": -73,
      "attrs": { "color": "limegreen" }
    },
    {
      "type": "wokwi-led",
      "id": "led3",
      "top": -128.4,
      "left": 90.2,
      "attrs": { "color": "limegreen" }
    },
    {
      "type": "wokwi-led",
      "id": "led4",
      "top": -214.8,
      "left": -15.4,
      "attrs": { "color": "red" }
    },
    {
      "type": "wokwi-led",
      "id": "led5",
      "top": -214.8,
      "left": 253.4,
      "attrs": { "color": "limegreen" }
    },
    {
      "type": "wokwi-led",
      "id": "led6",
      "top": -128.4,
      "left": 119,
      "attrs": { "color": "yellow" }
    },
    {
      "type": "wokwi-led",
      "id": "led7",
      "top": -128.4,
      "left": 147.8,
      "attrs": { "color": "red" }
    },
    { "type": "wokwi-led", "id": "led8", "top": -214.8, "left": 311, "attrs": { "color": "red" } },
    {
      "type": "wokwi-led",
      "id": "led9",
      "top": -214.8,
      "left": 282.2,
      "attrs": { "color": "yellow" }
    },
    {
      "type": "wokwi-resistor",
      "id": "r1",
      "top": -120,
      "left": -86.95,
      "rotate": 90,
      "attrs": { "value": "1000" }
    },
    {
      "type": "wokwi-resistor",
      "id": "r2",
      "top": -120,
      "left": -58.15,
      "rotate": 90,
      "attrs": { "value": "1000" }
    },
    {
      "type": "wokwi-resistor",
      "id": "r3",
      "top": -120,
      "left": -29.35,
      "rotate": 90,
      "attrs": { "value": "1000" }
    },
    {
      "type": "wokwi-resistor",
      "id": "r4",
      "top": -120,
      "left": 297.05,
      "rotate": 90,
      "attrs": { "value": "1000" }
    },
    {
      "type": "wokwi-resistor",
      "id": "r5",
      "top": -120,
      "left": 268.25,
      "rotate": 90,
      "attrs": { "value": "1000" }
    },
    {
      "type": "wokwi-resistor",
      "id": "r6",
      "top": -33.6,
      "left": 105.05,
      "rotate": 90,
      "attrs": { "value": "1000" }
    },
    {
      "type": "wokwi-resistor",
      "id": "r7",
      "top": -120,
      "left": 239.45,
      "rotate": 90,
      "attrs": { "value": "1000" }
    },
    {
      "type": "wokwi-resistor",
      "id": "r8",
      "top": -33.6,
      "left": 133.85,
      "rotate": 90,
      "attrs": { "value": "1000" }
    },
    {
      "type": "wokwi-resistor",
      "id": "r9",
      "top": -33.6,
      "left": 76.25,
      "rotate": 90,
      "attrs": { "value": "1000" }
    }
  ],
  "connections": [
    [ "led2:C", "r1:1", "green", [ "v0" ] ],
    [ "led1:C", "r2:1", "green", [ "v0" ] ],
    [ "led4:C", "r3:1", "green", [ "v0" ] ],
    [ "led3:C", "r9:1", "green", [ "v0" ] ],
    [ "led6:C", "r6:1", "green", [ "v0" ] ],
    [ "led7:C", "r8:1", "green", [ "v0" ] ],
    [ "led5:C", "r7:1", "green", [ "v0" ] ],
    [ "led9:C", "r5:1", "green", [ "v0" ] ],
    [ "led8:C", "r4:1", "green", [ "v0" ] ],
    [ "led8:A", "uno:2", "purple", [ "v220.8", "h-67.2" ] ],
    [ "led9:A", "uno:3", "purple", [ "v211.2", "h-76.8" ] ],
    [ "led5:A", "uno:4", "purple", [ "v201.6", "h-57.6" ] ],
    [ "led7:A", "uno:8", "cyan", [ "v0" ] ],
    [ "led6:A", "uno:9", "cyan", [ "v144", "h19.2" ] ],
    [ "led3:A", "uno:10", "cyan", [ "v153.6", "h38.4" ] ],
    [ "led4:A", "uno:5", "red", [ "v220.8", "h192" ] ],
    [ "led1:A", "uno:6", "red", [ "v230.4", "h211.2" ] ],
    [ "led2:A", "uno:7", "red", [ "v240", "h240" ] ],
    [ "r4:2", "uno:GND.1", "green", [ "h0", "v104.4", "h-220.8" ] ],
    [ "r5:2", "uno:GND.1", "green", [ "h0", "v104.4", "h-182.4" ] ],
    [ "r7:2", "uno:GND.1", "green", [ "h0", "v104.4", "h-153.6" ] ],
    [ "r8:2", "uno:GND.1", "green", [ "h0", "v18", "h-48" ] ],
    [ "r6:2", "uno:GND.1", "green", [ "h0", "v18", "h-19.2" ] ],
    [ "r9:2", "uno:GND.1", "green", [ "h0", "v18", "h9.6" ] ],
    [ "r3:2", "uno:GND.1", "green", [ "h0", "v104.4", "h115.2" ] ],
    [ "r2:2", "uno:GND.1", "green", [ "h0", "v104.4", "h144" ] ],
    [ "r1:2", "uno:GND.1", "green", [ "h0", "v104.4", "h163.2" ] ]
  ],
  "dependencies": {}
}