{
  "version": 1,
  "author": "raraazr",
  "editor": "wokwi",
  "parts": [
    { "type": "wokwi-arduino-uno", "id": "uno", "top": 173.4, "left": -403.8, "attrs": {} },
    {
      "type": "wokwi-led",
      "id": "led1",
      "top": -3.6,
      "left": -351.4,
      "attrs": { "color": "limegreen" }
    },
    {
      "type": "wokwi-led",
      "id": "led2",
      "top": -3.6,
      "left": -303.4,
      "attrs": { "color": "blue" }
    },
    {
      "type": "wokwi-led",
      "id": "led3",
      "top": -3.6,
      "left": -197.8,
      "attrs": { "color": "magenta" }
    },
    {
      "type": "wokwi-resistor",
      "id": "r1",
      "top": 81.05,
      "left": -164.6,
      "rotate": 180,
      "attrs": { "value": "1000" }
    },
    {
      "type": "wokwi-resistor",
      "id": "r2",
      "top": 89.8,
      "left": -250.45,
      "rotate": 270,
      "attrs": { "value": "1000" }
    },
    {
      "type": "wokwi-pushbutton",
      "id": "btn1",
      "top": 399.8,
      "left": -240,
      "attrs": { "color": "green" }
    },
    {
      "type": "wokwi-resistor",
      "id": "r4",
      "top": 416.75,
      "left": -134.4,
      "attrs": { "value": "1000" }
    },
    {
      "type": "wokwi-resistor",
      "id": "r3",
      "top": 81.6,
      "left": -346.15,
      "rotate": 90,
      "attrs": { "value": "1000" }
    }
  ],
  "connections": [
    [ "led3:A", "r1:2", "magenta", [ "v0" ] ],
    [ "r1:1", "uno:11", "magenta", [ "v48", "h-144" ] ],
    [ "led2:A", "r2:2", "blue", [ "v0" ] ],
    [ "uno:5V", "btn1:2.l", "red", [ "v19.1", "h-53.8", "v48" ] ],
    [ "uno:GND.2", "r4:2", "black", [ "v9.5", "h157.5" ] ],
    [ "btn1:1.r", "r4:1", "green", [ "v0" ] ],
    [ "r2:1", "uno:12", "blue", [ "h0" ] ],
    [ "btn1:1.l", "uno:10", "green", [ "h0" ] ],
    [ "led1:A", "r3:1", "green", [ "v0" ] ],
    [ "r3:2", "uno:13", "green", [ "h0" ] ],
    [ "led3:C", "uno:GND.1", "green", [ "v19.2", "h-105.2", "v96", "h9.6" ] ],
    [ "led2:C", "uno:GND.1", "green", [ "v19.2", "h-9.2", "v86.4" ] ],
    [ "led1:C", "uno:GND.1", "green", [ "v105.6", "h0.4" ] ]
  ],
  "dependencies": {}
}